{"stats":{"minecraft:killed":{"zombie_extreme:divided":1,"zombie_extreme:clicker":2,"mutantmonsters:mutant_enderman":1,"extinction:infected_mutated":1,"mutantmonsters:creeper_minion":2,"zombie_island:eat_courier":1,"minecraft:zombie":2,"extinction:goon":3,"extinction:infected_bear":3,"minecraft:chicken":1,"mutantmonsters:mutant_snow_golem":13,"extinction:fallen_survivor":1,"extinction:soldier_clicker":13,"mutantmonsters:mutant_zombie":1,"zombie_island:caustic_x_walker":2,"mutantmonsters:spider_pig":3,"extinction:runner_ii":1},"minecraft:picked_up":{"minecraft:jukebox":1,"minecraft:feather":1,"minecraft:chicken":1,"minecraft:andesite":1,"minecraft:dandelion":1,"minecraft:porkchop":4,"design_decor:i_sign":3,"minecraft:gunpowder":2,"minecraft:cobblestone_wall":1,"minecraft:dirt":6,"minecraft:string":1,"minecraft:apple":1,"minecraft:wheat_seeds":10,"apocalypsenow:human_flesh":1,"discos:bring_me_to_life":1,"minecraft:light_gray_carpet":1,"discos:who_will_know":12},"minecraft:killed_by":{"extinction:infected_mutated":1,"antlers:wendigo":1},"minecraft:mined":{"minecraft:light_gray_carpet":1,"minecraft:dark_oak_leaves":8,"minecraft:jungle_leaves":3,"minecraft:grass":31,"minecraft:grass_block":1,"minecraft:vine":6,"minecraft:tall_grass":11,"minecraft:oak_leaves":2},"minecraft:used":{"discos:rorschach":1,"minecraft:apple":1,"minecraft:light_gray_carpet":1,"minecraft:dirt":1,"discos:yatevasamejorar":1,"discos:bring_me_to_life":1,"minecraft:andesite":1,"minecraft:jukebox":2},"minecraft:dropped":{"minecraft:wheat_seeds":7,"minecraft:gunpowder":1,"minecraft:jukebox":1,"minecraft:dandelion":1},"minecraft:custom":{"minecraft:time_since_rest":19168,"minecraft:sprint_one_cm":43858,"minecraft:damage_taken":2850,"minecraft:walk_one_cm":87529,"minecraft:trigger_trapped_chest":1,"minecraft:mob_kills":56,"minecraft:drop":9,"minecraft:damage_dealt":469,"minecraft:play_record":3,"minecraft:swim_one_cm":2324,"minecraft:fly_one_cm":242810,"minecraft:open_barrel":1,"minecraft:crouch_one_cm":1825,"minecraft:play_time":54987,"minecraft:deaths":6,"minecraft:sneak_time":1209,"minecraft:walk_under_water_one_cm":2766,"minecraft:jump":718,"minecraft:leave_game":3,"minecraft:time_since_death":19140,"minecraft:walk_on_water_one_cm":3508,"minecraft:total_world_time":54987,"minecraft:climb_one_cm":9164,"minecraft:fall_one_cm":22173}},"DataVersion":3465}