{"stats":{"minecraft:killed":{"extinction:infected_mutated":1,"extinction:infected_bear":3,"zombie_extreme:divided":1,"mutantmonsters:mutant_enderman":1,"zombie_extreme:clicker":2,"zombie_extreme:devestated":1,"zombie_island:eat_courier":1,"mutantmonsters:creeper_minion":2,"minecraft:zombie":28,"extinction:goon":3,"minecraft:chicken":1,"mutantmonsters:mutant_snow_golem":13,"extinction:fallen_survivor":1,"extinction:soldier_clicker":13,"extinction:hunter":1,"mutantmonsters:mutant_zombie":1,"zombie_island:caustic_x_walker":2,"mutantmonsters:spider_pig":3,"extinction:infected_riot_gear":1,"extinction:runner_ii":1},"minecraft:picked_up":{"minecraft:feather":1,"minecraft:chicken":1,"minecraft:andesite":1,"design_decor:i_sign":3,"minecraft:cobblestone_wall":1,"minecraft:gunpowder":2,"minecraft:string":1,"minecraft:dirt":6,"minecraft:apple":1,"apocalypsenow:human_flesh":1,"minecraft:wheat_seeds":10,"minecraft:light_gray_wool":1,"discos:who_will_know":12,"extinction:canned_meat":1,"minecraft:jukebox":1,"minecraft:dandelion":1,"minecraft:porkchop":4,"pointblank:gunmetal_nugget":5,"minecraft:stone_button":1,"minecraft:light_gray_banner":1,"minecraft:yellow_banner":1,"discos:bring_me_to_life":1,"minecraft:black_banner":1,"minecraft:light_gray_carpet":1,"minecraft:mutton":2},"minecraft:killed_by":{"extinction:infected_mutated":1,"antlers:wendigo":1},"minecraft:used":{"minecraft:light_gray_carpet":1,"minecraft:dirt":2,"discos:bring_me_to_life":1,"apocalypsenow:desertghillie_leggings":1,"discos:rorschach":1,"minecraft:black_wool":2,"minecraft:apple":1,"discos:who_will_know":1,"discos:yatevasamejorar":1,"minecraft:andesite":1,"minecraft:jukebox":3},"minecraft:mined":{"minecraft:light_gray_carpet":1,"minecraft:dark_oak_leaves":8,"minecraft:jungle_leaves":3,"minecraft:grass_block":1,"minecraft:tall_grass":11,"minecraft:grass":31,"minecraft:vine":6,"minecraft:oak_leaves":2},"minecraft:dropped":{"minecraft:wheat_seeds":7,"minecraft:jukebox":1,"minecraft:black_banner":1,"minecraft:dirt":1,"minecraft:gunpowder":1,"minecraft:stone_button":1,"minecraft:black_wool":1,"minecraft:dandelion":1},"minecraft:custom":{"minecraft:mob_kills":86,"minecraft:play_record":4,"minecraft:open_barrel":2,"minecraft:leave_game":3,"minecraft:time_since_death":43140,"minecraft:climb_one_cm":14878,"minecraft:time_since_rest":43168,"minecraft:sprint_one_cm":74696,"minecraft:damage_taken":2850,"minecraft:walk_one_cm":129709,"minecraft:trigger_trapped_chest":1,"minecraft:drop":13,"minecraft:damage_dealt":611,"minecraft:swim_one_cm":2324,"minecraft:fly_one_cm":1001577,"minecraft:open_chest":5,"minecraft:crouch_one_cm":4588,"minecraft:play_time":78987,"minecraft:deaths":6,"minecraft:sneak_time":3332,"minecraft:walk_under_water_one_cm":2766,"minecraft:jump":871,"minecraft:walk_on_water_one_cm":3508,"minecraft:total_world_time":78987,"minecraft:fall_one_cm":22173}},"DataVersion":3465}