{"stats":{"minecraft:killed":{"extinction:infected_mutated":1,"extinction:mercenary":1,"minecraft:pig":1,"extinction:infected_bear":4,"extinction:boomer":1,"minecraft:zombie_villager":2,"apocalypsenow:soldiers_02":1,"minecraft:giant":1,"apocalypsenow:runner_52":1,"minecraft:spider":1,"extinction:parasite":1,"apocalypsenow:survivor_5":1,"zombie_island:incendiary_walker":1,"zombie_extreme:military":3,"zombie_extreme:chainsaw":1,"minecraft:sheep":2,"zombie_extreme:divided":1,"apocalypsenow:survivor_3":1,"zombie_island:insect_swarm_walker":1,"zombie_extreme:revived":1,"mutantmonsters:mutant_enderman":1,"zombie_extreme:clicker":2,"zombie_extreme:devestated":1,"zombie_island:eat_courier":1,"mutantmonsters:creeper_minion":2,"minecraft:zombie":458,"extinction:goon":3,"zombie_extreme:infected_police":4,"extinction:soldier":2,"minecraft:chicken":1,"mutantmonsters:mutant_snow_golem":14,"apocalypsenow:cockroach":2,"extinction:fallen_survivor":2,"extinction:soldier_clicker":13,"zombie_extreme:assasin_black_ops":1,"extinction:hunter":1,"mutantmonsters:mutant_zombie":2,"mutantmonsters:mutant_creeper":1,"zombie_island:caustic_x_walker":2,"mutantmonsters:spider_pig":3,"extinction:infected_riot_gear":1,"extinction:runner_ii":1},"minecraft:picked_up":{"apocalypsenow:russian_army_boots":1,"minecraft:feather":1,"minecraft:chicken":1,"apocalypsenow:level_a_hazmatsuit_boots":2,"minecraft:andesite":1,"apocalypsenow:hunting_helmet":1,"apocalypsenow:soldier_chestplate":2,"apocalypsenow:russian_army_chestplate":1,"design_decor:i_sign":3,"minecraft:cobblestone_wall":1,"minecraft:gunpowder":2,"minecraft:string":1,"minecraft:dirt":194,"minecraft:apple":1,"apocalypsenow:human_flesh":2,"minecraft:wheat_seeds":20,"minecraft:iron_ingot":2,"apocalypsenow:army_boots":1,"minecraft:player_head":1,"minecraft:glass_bottle":4,"minecraft:light_gray_wool":1,"discos:who_will_know":16,"extinction:canned_meat":1,"apocalypsenow:mexican_army_helmet":1,"apocalypsenow:us_army_leggings":1,"pointblank:ammo556":125,"apocalypsenow:usa_armor_chestplate":1,"minecraft:jukebox":3,"minecraft:dandelion":1,"apocalypsenow:canadian_army_boots":1,"minecraft:porkchop":6,"pointblank:gunmetal_nugget":240,"apocalypsenow:bulletproof_vest_chestplate":1,"apocalypsenow:level_a_hazmatsuit_leggings":1,"minecraft:stone_button":1,"apocalypsenow:brazilian_army_leggings":1,"minecraft:dirt_path":1,"minecraft:carrot":6,"mutantmonsters:hulk_hammer":1,"pointblank:javelin":1,"apocalypsenow:blue_fighting_leggings":5,"minecraft:light_gray_banner":1,"apocalypsenow:black_football_armor_chestplate":1,"minecraft:smooth_sandstone_slab":1,"apocalypsenow:mexican_army_chestplate":1,"minecraft:yellow_banner":1,"apocalypsenow:nurse_leggings":2,"minecraft:quartz_block":8,"minecraft:light_gray_concrete":16,"apocalypsenow:usa_armor_leggings":2,"minecraft:rotten_flesh":304,"apocalypsenow:level_a_hazmatsuit_helmet":1,"apocalypsenow:soldier_helmet":2,"apocalypsenow:black_football_armor_helmet":1,"discos:bring_me_to_life":1,"minecraft:black_banner":1,"minecraft:light_gray_carpet":1,"minecraft:mutton":2,"apocalypsenow:fire_figther_chestplate":1},"minecraft:killed_by":{"extinction:infected_mutated":1,"minecraft:zombie":2,"antlers:wendigo":1},"minecraft:used":{"minecraft:flint_and_steel":9,"minecraft:light_gray_carpet":1,"minecraft:dirt":2,"discos:bring_me_to_life":1,"minecraft:tnt":82,"apocalypsenow:desertghillie_leggings":1,"discos:rorschach":1,"minecraft:black_wool":2,"minecraft:apple":1,"discos:who_will_know":6,"minecraft:potion":1,"mutantmonsters:hulk_hammer":15,"discos:yatevasamejorar":1,"minecraft:andesite":1,"minecraft:splash_potion":8,"minecraft:enchanted_golden_apple":21,"minecraft:jukebox":4},"minecraft:mined":{"minecraft:light_gray_carpet":1,"minecraft:dark_oak_leaves":8,"minecraft:jungle_leaves":3,"minecraft:grass_block":1,"minecraft:tall_grass":28,"minecraft:fire":1,"minecraft:grass":42,"minecraft:vine":6,"minecraft:dirt":1,"minecraft:oak_leaves":9},"minecraft:dropped":{"apocalypsenow:us_army_leggings":1,"pointblank:javelin":1,"apocalypsenow:black_football_armor_helmet":1,"apocalypsenow:blue_fighting_leggings":5,"minecraft:wheat_seeds":17,"minecraft:glass_bottle":4,"minecraft:jukebox":3,"apocalypsenow:usa_armor_leggings":2,"apocalypsenow:soldier_helmet":1,"minecraft:rotten_flesh":121,"minecraft:dirt_path":2,"minecraft:black_banner":1,"minecraft:carrot":4,"pointblank:gunmetal_nugget":68,"apocalypsenow:soldier_chestplate":1,"apocalypsenow:desertghillie_leggings":1,"minecraft:dirt":129,"minecraft:mossy_cobblestone_slab":1,"minecraft:gunpowder":1,"apocalypsenow:level_a_hazmatsuit_boots":2,"minecraft:stone_button":1,"minecraft:quartz_block":8,"minecraft:smooth_sandstone_slab":1,"apocalypsenow:bulletproof_vest_chestplate":1,"minecraft:podzol":1,"apocalypsenow:nurse_leggings":2,"minecraft:black_wool":1,"minecraft:dandelion":1},"minecraft:custom":{"minecraft:mob_kills":553,"minecraft:play_record":9,"minecraft:open_barrel":4,"minecraft:leave_game":3,"minecraft:time_since_death":1134,"minecraft:climb_one_cm":16960,"minecraft:damage_resisted":1549,"minecraft:time_since_rest":1163,"minecraft:sprint_one_cm":156414,"minecraft:damage_taken":5919,"minecraft:walk_one_cm":368426,"minecraft:trigger_trapped_chest":1,"minecraft:drop":58,"minecraft:damage_dealt":841,"minecraft:damage_dealt_absorbed":120,"minecraft:swim_one_cm":2324,"minecraft:fly_one_cm":1543538,"minecraft:open_chest":5,"minecraft:crouch_one_cm":8074,"minecraft:play_time":138987,"minecraft:deaths":9,"minecraft:sneak_time":5341,"minecraft:walk_under_water_one_cm":2766,"minecraft:jump":1675,"minecraft:walk_on_water_one_cm":3532,"minecraft:total_world_time":138987,"minecraft:fall_one_cm":40658}},"DataVersion":3465}