{"stats":{"minecraft:killed":{"extinction:infected_mutated":1,"extinction:mercenary":1,"minecraft:pig":1,"extinction:infected_bear":3,"apocalypsenow:soldiers_02":1,"apocalypsenow:runner_52":1,"minecraft:spider":1,"extinction:parasite":1,"apocalypsenow:survivor_5":1,"zombie_island:incendiary_walker":1,"zombie_extreme:divided":1,"zombie_island:insect_swarm_walker":1,"zombie_extreme:revived":1,"mutantmonsters:mutant_enderman":1,"zombie_extreme:clicker":2,"zombie_extreme:devestated":1,"zombie_island:eat_courier":1,"mutantmonsters:creeper_minion":2,"minecraft:zombie":230,"extinction:goon":3,"extinction:soldier":2,"minecraft:chicken":1,"mutantmonsters:mutant_snow_golem":14,"apocalypsenow:cockroach":2,"extinction:fallen_survivor":1,"extinction:soldier_clicker":13,"zombie_extreme:assasin_black_ops":1,"extinction:hunter":1,"mutantmonsters:mutant_zombie":1,"mutantmonsters:mutant_creeper":1,"zombie_island:caustic_x_walker":2,"mutantmonsters:spider_pig":3,"extinction:infected_riot_gear":1,"extinction:runner_ii":1},"minecraft:picked_up":{"minecraft:feather":1,"minecraft:chicken":1,"minecraft:andesite":1,"apocalypsenow:soldier_chestplate":1,"design_decor:i_sign":3,"minecraft:cobblestone_wall":1,"minecraft:gunpowder":2,"minecraft:string":1,"minecraft:dirt":63,"minecraft:apple":1,"apocalypsenow:human_flesh":1,"minecraft:wheat_seeds":14,"minecraft:iron_ingot":1,"minecraft:light_gray_wool":1,"discos:who_will_know":15,"extinction:canned_meat":1,"apocalypsenow:usa_armor_chestplate":1,"minecraft:jukebox":3,"minecraft:dandelion":1,"minecraft:porkchop":4,"pointblank:gunmetal_nugget":129,"apocalypsenow:bulletproof_vest_chestplate":1,"minecraft:stone_button":1,"minecraft:dirt_path":1,"minecraft:carrot":4,"apocalypsenow:blue_fighting_leggings":5,"minecraft:light_gray_banner":1,"apocalypsenow:black_football_armor_chestplate":1,"apocalypsenow:mexican_army_chestplate":1,"minecraft:yellow_banner":1,"minecraft:quartz_block":3,"minecraft:light_gray_concrete":16,"minecraft:rotten_flesh":101,"apocalypsenow:soldier_helmet":1,"discos:bring_me_to_life":1,"minecraft:black_banner":1,"minecraft:light_gray_carpet":1,"minecraft:mutton":2,"apocalypsenow:fire_figther_chestplate":1},"minecraft:killed_by":{"extinction:infected_mutated":1,"antlers:wendigo":1},"minecraft:used":{"minecraft:flint_and_steel":9,"minecraft:light_gray_carpet":1,"minecraft:dirt":2,"discos:bring_me_to_life":1,"minecraft:tnt":82,"apocalypsenow:desertghillie_leggings":1,"discos:rorschach":1,"minecraft:black_wool":2,"minecraft:apple":1,"discos:who_will_know":5,"discos:yatevasamejorar":1,"minecraft:andesite":1,"minecraft:splash_potion":8,"minecraft:enchanted_golden_apple":7,"minecraft:jukebox":4},"minecraft:mined":{"minecraft:light_gray_carpet":1,"minecraft:dark_oak_leaves":8,"minecraft:jungle_leaves":3,"minecraft:grass_block":1,"minecraft:tall_grass":26,"minecraft:grass":42,"minecraft:vine":6,"minecraft:dirt":1,"minecraft:oak_leaves":2},"minecraft:dropped":{"apocalypsenow:blue_fighting_leggings":5,"minecraft:wheat_seeds":9,"minecraft:jukebox":3,"minecraft:rotten_flesh":17,"minecraft:dirt_path":2,"minecraft:black_banner":1,"pointblank:gunmetal_nugget":4,"apocalypsenow:desertghillie_leggings":1,"minecraft:dirt":1,"minecraft:mossy_cobblestone_slab":1,"minecraft:gunpowder":1,"minecraft:stone_button":1,"apocalypsenow:bulletproof_vest_chestplate":1,"minecraft:podzol":1,"minecraft:black_wool":1,"minecraft:dandelion":1},"minecraft:custom":{"minecraft:mob_kills":306,"minecraft:play_record":8,"minecraft:open_barrel":2,"minecraft:leave_game":3,"minecraft:time_since_death":79140,"minecraft:climb_one_cm":16111,"minecraft:damage_resisted":85,"minecraft:time_since_rest":79168,"minecraft:sprint_one_cm":114737,"minecraft:damage_taken":3072,"minecraft:walk_one_cm":228315,"minecraft:trigger_trapped_chest":1,"minecraft:drop":33,"minecraft:damage_dealt":617,"minecraft:swim_one_cm":2324,"minecraft:fly_one_cm":1456908,"minecraft:open_chest":5,"minecraft:crouch_one_cm":6805,"minecraft:play_time":114987,"minecraft:deaths":6,"minecraft:sneak_time":5118,"minecraft:walk_under_water_one_cm":2766,"minecraft:jump":1167,"minecraft:walk_on_water_one_cm":3532,"minecraft:total_world_time":114987,"minecraft:fall_one_cm":26645}},"DataVersion":3465}