{"stats":{"minecraft:picked_up":{"minecraft:feather":2,"minecraft:chicken":1,"discos:caradenada":1,"minecraft:dandelion":1,"pointblank:gunmetal_nugget":4,"discos:yatevasamejorar":1,"minecraft:wheat_seeds":2,"minecraft:player_head":1,"discos:who_will_know":4,"minecraft:black_wool":1,"minecraft:mutton":3,"minecraft:white_wool":1,"minecraft:egg":2},"minecraft:mined":{"minecraft:player_head":1},"minecraft:dropped":{"tacz:ammo":460},"minecraft:used":{"design_decor:g_sign":3,"mutantmonsters:mutant_creeper_spawn_egg":1,"mutantmonsters:spider_pig_spawn_egg":7,"apocalypsenow:looter_1_spawn_egg":6,"apocalypsenow:cannibal_spawn_egg":1,"apocalypsenow:survivor_2_spawn_egg":1,"zombie_island:eat_courier_spawn_egg":4,"minecraft:chicken":1,"mutantmonsters:mutant_enderman_spawn_egg":1,"mutantmonsters:creeper_minion_spawn_egg":30,"apocalypsenow:military_02_spawn_egg":1,"zombie_island:hazmat_walker_spawn_egg":3,"mutantmonsters:mutant_skeleton_spawn_egg":1,"extinction:infected_bear_spawn_egg":24,"extinction:infected_mutated_spawn_egg":3,"mutantmonsters:mutant_snow_golem_spawn_egg":26,"zombie_island:caustic_x_bucket":9,"discos:who_will_know":16,"design_decor:i_sign":10,"mutantmonsters:mutant_zombie_spawn_egg":1,"extinction:soldier_clicker_spawn_egg":14,"extinction:goon_spawn_egg":7,"design_decor:e_sign":4,"minecraft:jukebox":13,"extinction:soldier_spawn_egg":5,"extinction:runner_ii_spawn_egg":3},"minecraft:custom":{"minecraft:time_since_rest":14157,"minecraft:sprint_one_cm":12515,"minecraft:damage_taken":148,"minecraft:walk_one_cm":32118,"minecraft:trigger_trapped_chest":2,"minecraft:interact_with_anvil":2,"minecraft:mob_kills":3,"minecraft:drop":10,"minecraft:damage_dealt":175,"minecraft:play_record":16,"minecraft:fly_one_cm":72160,"minecraft:open_barrel":2,"minecraft:crouch_one_cm":1710,"minecraft:play_time":18928,"minecraft:deaths":2,"minecraft:sneak_time":972,"minecraft:jump":240,"minecraft:leave_game":1,"minecraft:walk_on_water_one_cm":18,"minecraft:time_since_death":14132,"minecraft:climb_one_cm":5678,"minecraft:total_world_time":18928,"minecraft:fall_one_cm":5034},"minecraft:killed":{"minecraft:sheep":2,"minecraft:chicken":1}},"DataVersion":3465}