{"stats":{"minecraft:picked_up":{"minecraft:stick":1,"minecraft:coarse_dirt":1,"apocalypsenow:human_flesh":2,"discos:caradenada":2,"minecraft:wheat_seeds":4,"pointblank:gunmetal_nugget":2,"minecraft:player_head":1,"minecraft:stone_button":1,"minecraft:wither_skeleton_skull":1,"discos:who_will_know":3,"minecraft:iron_bars":1,"minecraft:stone_pressure_plate":1},"minecraft:mined":{"minecraft:grass":2,"minecraft:tall_grass":2},"minecraft:dropped":{"minecraft:iron_bars":1,"minecraft:wheat_seeds":2,"minecraft:player_head":1,"minecraft:stone_button":1,"discos:who_will_know":1,"minecraft:stick":1,"minecraft:wither_skeleton_skull":1},"minecraft:used":{"discos:caradenada":1,"zombiesmore:fire_sword":12,"discos:who_will_know":1,"mutantsbuff:upgraded_hulk_hammer":29,"minecraft:egg":1},"minecraft:custom":{"minecraft:open_barrel":16,"minecraft:time_since_rest":14312,"minecraft:crouch_one_cm":1190,"minecraft:play_time":15488,"minecraft:sprint_one_cm":20521,"minecraft:walk_one_cm":18358,"minecraft:damage_taken":490,"minecraft:deaths":2,"minecraft:sneak_time":627,"minecraft:drop":8,"minecraft:jump":202,"minecraft:damage_dealt":1906,"minecraft:leave_game":1,"minecraft:play_record":2,"minecraft:time_since_death":14283,"minecraft:total_world_time":15488,"minecraft:climb_one_cm":5565,"minecraft:fall_one_cm":7538,"minecraft:fly_one_cm":168542}},"DataVersion":3465}