{"stats":{"minecraft:killed":{"extinction:infected_mutated":2,"extinction:mercenary":1,"mutantmonsters:creeper_minion":9,"minecraft:zombie":120,"extinction:goon":3,"minecraft:pig":1,"zombie_island:grenadier_walker":1,"extinction:infected_bear":7,"mutantmonsters:mutant_snow_golem":2,"apocalypsenow:looter_1":1,"extinction:soldier_clicker":1,"mutantmonsters:mutant_zombie":1,"mutantmonsters:mutant_creeper":1,"mutantmonsters:spider_pig":13,"mutantmonsters:mutant_skeleton":1,"extinction:runner_ii":1,"zombie_island:hazmat_walker":1},"minecraft:picked_up":{"minecraft:coarse_dirt":2,"apocalypsenow:us_army_leggings":1,"minecraft:feather":2,"minecraft:chicken":1,"minecraft:potato":1,"apocalypsenow:hunting_chestplate":1,"minecraft:dandelion":1,"apocalypsenow:gas_mask_helmet_helmet":1,"pointblank:gunmetal_nugget":91,"apocalypsenow:jet_pilot_leggings":1,"mutantmonsters:creeper_shard":1,"minecraft:dirt":210,"minecraft:yellow_banner":1,"tacz:ammo":60,"minecraft:iron_shovel":1,"minecraft:rotten_flesh":77,"apocalypsenow:italian_bersaglieri_army_leggings":1,"minecraft:wheat_seeds":3,"apocalypsenow:black_bikers_helmet":1,"apocalypsenow:bombsquad_helmet":1,"minecraft:spruce_sign":2,"discos:bring_me_to_life":1,"apocalypsenow:fire_figther_helmet":1,"minecraft:mossy_stone_bricks":1,"apocalypsenow:dead_cockroach":1,"minecraft:black_wool":176,"minecraft:snowball":16,"apocalypsenow:us_army_chestplate":2},"minecraft:mined":{"minecraft:dark_oak_leaves":1},"minecraft:used":{"mutantsbuff:mutant_charged_creeper_spawn_egg":1,"mutantmonsters:creeper_shard":6,"minecraft:chicken":1,"minecraft:barrier":7,"pointblank:printer":2,"tacz:gun_smith_table":2,"minecraft:zombie_spawn_egg":12,"minecraft:player_head":2,"discos:caradenada":2,"discos:who_will_know":3,"minecraft:vine":1,"discos:bring_me_to_life":1,"discos:yatevasamejorar":2,"extinction:tactical_tomahawk":3,"minecraft:snowball":24,"minecraft:jukebox":4},"minecraft:dropped":{"minecraft:spruce_sign":1,"apocalypsenow:fire_figther_helmet":1,"minecraft:wheat_seeds":2,"minecraft:feather":2,"minecraft:chicken":1},"minecraft:custom":{"minecraft:time_since_rest":51128,"minecraft:sprint_one_cm":54200,"minecraft:damage_taken":10,"minecraft:walk_one_cm":71165,"minecraft:trigger_trapped_chest":2,"minecraft:interact_with_anvil":3,"minecraft:mob_kills":170,"minecraft:drop":7,"minecraft:damage_dealt":458,"minecraft:play_record":8,"minecraft:interact_with_crafting_table":1,"minecraft:fly_one_cm":1052812,"minecraft:open_chest":1,"minecraft:crouch_one_cm":3712,"minecraft:play_time":59658,"minecraft:deaths":1,"minecraft:sneak_time":3851,"minecraft:walk_under_water_one_cm":4922,"minecraft:jump":536,"minecraft:walk_on_water_one_cm":783,"minecraft:time_since_death":51103,"minecraft:climb_one_cm":6076,"minecraft:total_world_time":59658,"minecraft:fall_one_cm":3427}},"DataVersion":3465}