{"stats":{"minecraft:killed":{"extinction:infected_mutated":2,"extinction:mercenary":1,"minecraft:pig":1,"extinction:infected_bear":8,"apocalypsenow:looter_1":1,"mutantmonsters:mutant_skeleton":1,"apocalypsenow:survivor_1":1,"mutantmonsters:creeper_minion":9,"minecraft:zombie":187,"extinction:goon":3,"zombie_island:grenadier_walker":1,"mutantmonsters:mutant_snow_golem":2,"extinction:soldier_clicker":1,"mutantmonsters:mutant_zombie":1,"mutantmonsters:mutant_creeper":1,"mutantmonsters:spider_pig":13,"zombie_island:hazmat_walker":1,"extinction:runner_ii":1},"minecraft:picked_up":{"minecraft:coarse_dirt":2,"minecraft:feather":2,"minecraft:chicken":1,"apocalypsenow:brazilian_army_boots":1,"apocalypsenow:hunting_helmet":1,"apocalypsenow:gas_mask_helmet_helmet":1,"minecraft:potato":1,"apocalypsenow:military_riot_armor_boots":1,"minecraft:dirt":210,"tacz:ammo":60,"minecraft:iron_shovel":1,"apocalypsenow:italian_bersaglieri_army_leggings":1,"minecraft:wheat_seeds":4,"minecraft:mossy_stone_bricks":1,"apocalypsenow:fire_figther_helmet":1,"apocalypsenow:bombsquad_helmet":1,"discos:who_will_know":1,"sophisticatedbackpacks:netherite_backpack":1,"apocalypsenow:us_army_leggings":1,"apocalypsenow:anarchy_helmet":2,"minecraft:dandelion":1,"apocalypsenow:hunting_chestplate":1,"pointblank:gunmetal_nugget":137,"apocalypsenow:jet_pilot_leggings":1,"apocalypsenow:blue_fighting_leggings":1,"mutantmonsters:creeper_shard":1,"minecraft:yellow_banner":1,"apocalypsenow:brazilian_army_leggings":1,"minecraft:rotten_flesh":98,"apocalypsenow:black_bikers_helmet":1,"discos:bring_me_to_life":1,"minecraft:spruce_sign":2,"apocalypsenow:dead_cockroach":1,"minecraft:black_wool":176,"minecraft:snowball":16,"apocalypsenow:us_army_chestplate":2},"minecraft:mined":{"minecraft:dark_oak_leaves":1,"minecraft:tall_grass":5},"minecraft:used":{"mutantsbuff:mutant_charged_creeper_spawn_egg":1,"minecraft:dirt_path":1,"pointblank:printer":2,"lrarmor:defender_helmet":1,"lrarmor:defender_boots":1,"tacz:gun_smith_table":2,"minecraft:zombie_spawn_egg":12,"minecraft:player_head":2,"lrarmor:defender_chestplate":1,"minecraft:golden_apple":18,"minecraft:vine":1,"discos:bring_me_to_life":1,"minecraft:snowball":24,"minecraft:chicken":1,"minecraft:barrier":7,"mutantmonsters:creeper_shard":6,"lrarmor:defender_leggings":1,"discos:caradenada":2,"discos:who_will_know":3,"minecraft:potion":1,"discos:yatevasamejorar":2,"extinction:tactical_tomahawk":28,"minecraft:jukebox":4},"minecraft:dropped":{"minecraft:spruce_sign":1,"apocalypsenow:blue_fighting_leggings":1,"minecraft:wheat_seeds":2,"apocalypsenow:fire_figther_helmet":1,"minecraft:chicken":1,"minecraft:feather":2,"minecraft:rotten_flesh":5,"apocalypsenow:anarchy_helmet":1,"sophisticatedbackpacks:netherite_backpack":1},"minecraft:custom":{"minecraft:mob_kills":240,"minecraft:interact_with_anvil":3,"minecraft:play_record":8,"minecraft:interact_with_crafting_table":1,"minecraft:time_since_death":75103,"minecraft:climb_one_cm":6562,"minecraft:time_since_rest":75128,"minecraft:sprint_one_cm":129762,"minecraft:walk_one_cm":117449,"minecraft:damage_taken":312,"minecraft:trigger_trapped_chest":2,"minecraft:drop":13,"minecraft:damage_dealt":2286,"minecraft:swim_one_cm":969,"minecraft:fly_one_cm":1207067,"minecraft:open_chest":1,"minecraft:crouch_one_cm":4065,"minecraft:play_time":83658,"minecraft:deaths":1,"minecraft:sneak_time":4318,"minecraft:walk_under_water_one_cm":5414,"minecraft:jump":994,"minecraft:walk_on_water_one_cm":2465,"minecraft:total_world_time":83658,"minecraft:fall_one_cm":12790}},"DataVersion":3465}