{"stats":{"minecraft:killed":{"extinction:infected_mutated":2,"extinction:mercenary":2,"minecraft:pig":1,"zombie_extreme:boomer":1,"extinction:infected_bear":8,"apocalypsenow:looter_1":1,"minecraft:spider":1,"mutantmonsters:mutant_skeleton":1,"extinction:runner":1,"apocalypsenow:survivor_1":2,"zombie_extreme:divided":1,"minecraft:sheep":1,"zombie_extreme:clicker":2,"zombie_extreme:devestated":1,"mutantmonsters:creeper_minion":9,"minecraft:zombie":393,"extinction:goon":4,"zombie_island:grenadier_walker":1,"zombiesmore:tank_zombie":1,"mutantmonsters:mutant_snow_golem":2,"extinction:fallen_survivor":1,"extinction:soldier_clicker":1,"zombie_extreme:parasite":3,"mutantmonsters:mutant_zombie":5,"antlers:wendigo":1,"mutantmonsters:mutant_creeper":1,"mutantmonsters:spider_pig":13,"extinction:infected_hazmat":1,"zombie_island:hazmat_walker":1,"extinction:runner_ii":1},"minecraft:picked_up":{"minecraft:coarse_dirt":2,"minecraft:feather":2,"minecraft:chicken":1,"apocalypsenow:brazilian_army_boots":1,"apocalypsenow:hunting_helmet":1,"apocalypsenow:gas_mask_helmet_helmet":1,"minecraft:potato":2,"apocalypsenow:military_riot_armor_boots":2,"apocalypsenow:biohazard_leggings":1,"minecraft:cobblestone_stairs":1,"minecraft:dirt":275,"tacz:ammo":60,"minecraft:iron_shovel":1,"apocalypsenow:italian_bersaglieri_army_leggings":1,"apocalypsenow:human_flesh":3,"minecraft:cracked_stone_bricks":1,"minecraft:wheat_seeds":4,"minecraft:player_head":2,"minecraft:mossy_stone_bricks":1,"apocalypsenow:fire_figther_helmet":1,"minecraft:glass_bottle":1,"apocalypsenow:bombsquad_helmet":1,"discos:who_will_know":3,"sophisticatedbackpacks:netherite_backpack":1,"apocalypsenow:us_army_leggings":1,"apocalypsenow:contamination_suit_green_leggings":1,"apocalypsenow:anarchy_helmet":2,"minecraft:dandelion":1,"minecraft:spruce_fence":1,"apocalypsenow:hunting_chestplate":1,"pointblank:gunmetal_nugget":241,"apocalypsenow:jet_pilot_leggings":1,"apocalypsenow:blue_fighting_leggings":1,"mutantmonsters:creeper_shard":1,"minecraft:yellow_banner":1,"apocalypsenow:brazilian_army_leggings":1,"minecraft:rotten_flesh":172,"apocalypsenow:black_bikers_helmet":1,"discos:bring_me_to_life":1,"minecraft:spruce_sign":2,"supplementaries:ash":3,"apocalypsenow:dead_cockroach":1,"minecraft:mutton":2,"apocalypsenow:brazilian_army_helmet":1,"minecraft:black_wool":176,"minecraft:white_wool":1,"minecraft:snowball":16,"apocalypsenow:us_army_chestplate":2},"minecraft:killed_by":{"minecraft:zombie":2},"minecraft:used":{"mutantsbuff:mutant_charged_creeper_spawn_egg":1,"minecraft:dirt_path":1,"pointblank:printer":2,"lrarmor:defender_helmet":1,"lrarmor:defender_boots":1,"tacz:gun_smith_table":2,"minecraft:zombie_spawn_egg":12,"minecraft:player_head":3,"lrarmor:defender_chestplate":1,"minecraft:golden_apple":53,"minecraft:vine":1,"discos:bring_me_to_life":1,"minecraft:snowball":24,"minecraft:chicken":1,"minecraft:barrier":7,"mutantmonsters:creeper_shard":6,"lrarmor:defender_leggings":1,"discos:caradenada":2,"discos:who_will_know":5,"minecraft:potion":4,"discos:yatevasamejorar":2,"extinction:tactical_tomahawk":41,"minecraft:jukebox":4},"minecraft:mined":{"minecraft:podzol":2,"minecraft:dark_oak_leaves":1,"minecraft:grass_block":2,"minecraft:tall_grass":8,"minecraft:coarse_dirt":2,"minecraft:dirt_path":1,"minecraft:player_head":2},"minecraft:dropped":{"apocalypsenow:human_flesh":3,"minecraft:spruce_sign":1,"apocalypsenow:blue_fighting_leggings":1,"pointblank:ammo556":125,"minecraft:wheat_seeds":2,"minecraft:player_head":1,"apocalypsenow:fire_figther_helmet":1,"minecraft:chicken":1,"minecraft:feather":2,"minecraft:rotten_flesh":5,"apocalypsenow:anarchy_helmet":1,"minecraft:dirt":1,"sophisticatedbackpacks:netherite_backpack":1},"minecraft:custom":{"minecraft:mob_kills":479,"minecraft:interact_with_anvil":3,"minecraft:play_record":10,"minecraft:interact_with_crafting_table":1,"minecraft:time_since_death":2052,"minecraft:climb_one_cm":8122,"minecraft:time_since_rest":2080,"minecraft:sprint_one_cm":205909,"minecraft:walk_one_cm":201332,"minecraft:damage_taken":2525,"minecraft:trigger_trapped_chest":2,"minecraft:drop":20,"minecraft:damage_dealt":2786,"minecraft:damage_dealt_absorbed":80,"minecraft:swim_one_cm":969,"minecraft:fly_one_cm":1351752,"minecraft:open_chest":1,"minecraft:crouch_one_cm":7233,"minecraft:play_time":107658,"minecraft:deaths":3,"minecraft:sneak_time":5270,"minecraft:walk_under_water_one_cm":5414,"minecraft:jump":1882,"minecraft:walk_on_water_one_cm":2465,"minecraft:total_world_time":107658,"minecraft:fall_one_cm":29740}},"DataVersion":3465}