{"stats":{"minecraft:killed":{"extinction:infected_mutated":2,"mutantmonsters:creeper_minion":9,"minecraft:zombie":3,"extinction:goon":3,"zombie_island:grenadier_walker":1,"extinction:infected_bear":7,"mutantmonsters:mutant_snow_golem":2,"apocalypsenow:looter_1":1,"extinction:soldier_clicker":1,"mutantmonsters:mutant_zombie":1,"mutantmonsters:mutant_creeper":1,"mutantmonsters:spider_pig":13,"mutantmonsters:mutant_skeleton":1,"extinction:runner_ii":1,"zombie_island:hazmat_walker":1},"minecraft:picked_up":{"minecraft:coarse_dirt":2,"minecraft:dandelion":1,"minecraft:dirt":2,"minecraft:wheat_seeds":1,"discos:bring_me_to_life":1,"minecraft:mossy_stone_bricks":1,"minecraft:snowball":16},"minecraft:used":{"minecraft:zombie_spawn_egg":3,"discos:caradenada":2,"discos:who_will_know":2,"discos:bring_me_to_life":1,"discos:yatevasamejorar":1,"minecraft:snowball":24,"minecraft:jukebox":3},"minecraft:mined":{"minecraft:dark_oak_leaves":1},"minecraft:custom":{"minecraft:time_since_rest":15128,"minecraft:sprint_one_cm":18832,"minecraft:damage_taken":10,"minecraft:walk_one_cm":24713,"minecraft:trigger_trapped_chest":2,"minecraft:mob_kills":48,"minecraft:damage_dealt":33,"minecraft:play_record":6,"minecraft:fly_one_cm":95935,"minecraft:crouch_one_cm":1362,"minecraft:play_time":23658,"minecraft:deaths":1,"minecraft:sneak_time":666,"minecraft:jump":258,"minecraft:walk_on_water_one_cm":391,"minecraft:time_since_death":15103,"minecraft:climb_one_cm":2059,"minecraft:total_world_time":23658,"minecraft:fall_one_cm":3427}},"DataVersion":3465}