{"stats":{"minecraft:killed":{"extinction:infected_mutated":2,"mutantmonsters:creeper_minion":9,"minecraft:zombie":3,"extinction:goon":3,"zombie_island:grenadier_walker":1,"extinction:infected_bear":7,"mutantmonsters:mutant_snow_golem":2,"apocalypsenow:looter_1":1,"extinction:soldier_clicker":1,"mutantmonsters:mutant_zombie":1,"mutantmonsters:mutant_creeper":1,"mutantmonsters:spider_pig":13,"mutantmonsters:mutant_skeleton":1,"extinction:runner_ii":1,"zombie_island:hazmat_walker":1},"minecraft:picked_up":{"minecraft:coarse_dirt":2,"minecraft:feather":2,"minecraft:chicken":1,"minecraft:dandelion":1,"minecraft:dirt":2,"tacz:ammo":60,"minecraft:wheat_seeds":1,"minecraft:spruce_sign":2,"discos:bring_me_to_life":1,"minecraft:mossy_stone_bricks":1,"minecraft:snowball":16},"minecraft:used":{"minecraft:chicken":1,"minecraft:barrier":1,"minecraft:zombie_spawn_egg":3,"minecraft:player_head":1,"discos:caradenada":2,"discos:who_will_know":2,"minecraft:vine":1,"discos:bring_me_to_life":1,"discos:yatevasamejorar":2,"minecraft:snowball":24,"minecraft:jukebox":3},"minecraft:mined":{"minecraft:dark_oak_leaves":1},"minecraft:dropped":{"minecraft:spruce_sign":1,"minecraft:chicken":1},"minecraft:custom":{"minecraft:time_since_rest":27128,"minecraft:sprint_one_cm":40467,"minecraft:damage_taken":10,"minecraft:walk_one_cm":37060,"minecraft:trigger_trapped_chest":2,"minecraft:interact_with_anvil":3,"minecraft:mob_kills":48,"minecraft:drop":2,"minecraft:damage_dealt":33,"minecraft:play_record":7,"minecraft:fly_one_cm":523173,"minecraft:open_chest":1,"minecraft:crouch_one_cm":2271,"minecraft:play_time":35658,"minecraft:deaths":1,"minecraft:sneak_time":2333,"minecraft:jump":380,"minecraft:walk_on_water_one_cm":391,"minecraft:time_since_death":27103,"minecraft:climb_one_cm":4420,"minecraft:total_world_time":35658,"minecraft:fall_one_cm":3427}},"DataVersion":3465}