{"stats":{"minecraft:killed":{"extinction:infected_mutated":2,"mutantmonsters:creeper_minion":9,"minecraft:zombie":37,"extinction:goon":3,"zombie_island:grenadier_walker":1,"extinction:infected_bear":7,"mutantmonsters:mutant_snow_golem":2,"apocalypsenow:looter_1":1,"extinction:soldier_clicker":1,"mutantmonsters:mutant_zombie":1,"mutantmonsters:mutant_creeper":1,"mutantmonsters:spider_pig":13,"mutantmonsters:mutant_skeleton":1,"extinction:runner_ii":1,"zombie_island:hazmat_walker":1},"minecraft:picked_up":{"minecraft:coarse_dirt":2,"minecraft:feather":2,"minecraft:chicken":1,"minecraft:dandelion":1,"minecraft:dirt":2,"minecraft:yellow_banner":1,"tacz:ammo":60,"minecraft:rotten_flesh":6,"minecraft:wheat_seeds":3,"minecraft:spruce_sign":2,"discos:bring_me_to_life":1,"minecraft:mossy_stone_bricks":1,"minecraft:snowball":16},"minecraft:used":{"minecraft:chicken":1,"minecraft:barrier":7,"pointblank:printer":2,"tacz:gun_smith_table":2,"minecraft:zombie_spawn_egg":12,"minecraft:player_head":2,"discos:caradenada":2,"discos:who_will_know":2,"minecraft:vine":1,"discos:bring_me_to_life":1,"discos:yatevasamejorar":2,"extinction:tactical_tomahawk":3,"minecraft:snowball":24,"minecraft:jukebox":3},"minecraft:mined":{"minecraft:dark_oak_leaves":1},"minecraft:dropped":{"minecraft:spruce_sign":1,"minecraft:wheat_seeds":2,"minecraft:feather":2,"minecraft:chicken":1},"minecraft:custom":{"minecraft:time_since_rest":39128,"minecraft:sprint_one_cm":48516,"minecraft:damage_taken":10,"minecraft:walk_one_cm":48565,"minecraft:trigger_trapped_chest":2,"minecraft:interact_with_anvil":3,"minecraft:mob_kills":83,"minecraft:drop":6,"minecraft:damage_dealt":449,"minecraft:play_record":7,"minecraft:interact_with_crafting_table":1,"minecraft:fly_one_cm":836325,"minecraft:open_chest":1,"minecraft:crouch_one_cm":3695,"minecraft:play_time":47658,"minecraft:deaths":1,"minecraft:sneak_time":3525,"minecraft:walk_under_water_one_cm":4922,"minecraft:jump":460,"minecraft:walk_on_water_one_cm":783,"minecraft:time_since_death":39103,"minecraft:climb_one_cm":5704,"minecraft:total_world_time":47658,"minecraft:fall_one_cm":3427}},"DataVersion":3465}